<?xml version="1.0" encoding="UTF-8"?>
<beans:beans xmlns="http://www.springframework.org/schema/mvc"
	xmlns:xsi="http://www.w3.org/2001/XMLSchema-instance"
	xmlns:beans="http://www.springframework.org/schema/beans"
	xmlns:context="http://www.springframework.org/schema/context"
	xsi:schemaLocation="http://www.springframework.org/schema/mvc https://www.springframework.org/schema/mvc/spring-mvc.xsd
		http://www.springframework.org/schema/beans https://www.springframework.org/schema/beans/spring-beans.xsd
		http://www.springframework.org/schema/context https://www.springframework.org/schema/context/spring-context.xsd">

	<!-- DispatcherServlet Context: defines this servlet's request-processing infrastructure -->
	
	<!-- Enables the Spring MVC @Controller programming model -->
	<annotation-driven />

	<!-- Handles HTTP GET requests for /resources/** by efficiently serving up static resources in the ${webappRoot}/resources directory -->
	<resources mapping="/resources/**" location="/resources/" />

	<!-- Resolves views selected for rendering by @Controllers to .jsp resources in the /WEB-INF/views directory -->
	<beans:bean class="org.springframework.web.servlet.view.InternalResourceViewResolver">
		<beans:property name="prefix" value="/WEB-INF/views/" />
		<beans:property name="suffix" value=".jsp" />
	</beans:bean>
	
	<context:component-scan base-package="com.our.sms" />
	
		
	<!-- dataSource 객체 만들기 ,id: 레퍼런스 변수 / class : SimpleDriverDataSource 모듈명 전체-->
	<!--  dev -->
	<!--  	
	<beans:bean id="dataSource" class="org.springframework.jdbc.datasource.SimpleDriverDataSource">
		<beans:property name="driverClass" value="org.mariadb.jdbc.Driver"/>
		<beans:property name="url" value="jdbc:mariadb://localhost:3306/smsdb"/>
		<beans:property name="username" value="root"/>
		<beans:property name="password" value="1234"/>
	</beans:bean>
	-->

	<!-- local 에서 DB server 접근 -->
	<!--  real -->
	<beans:bean id="dataSource" class="org.springframework.jdbc.datasource.SimpleDriverDataSource">
		<beans:property name="driverClass" value="org.mariadb.jdbc.Driver"/>
		<beans:property name="url" value="jdbc:mariadb://192.168.0.79:3306/smsdb"/>
		<beans:property name="username" value="root"/>
		<beans:property name="password" value="1234"/>
	</beans:bean>
	
	<!-- jdbcTemplate 객체 만들기 ,id: 레퍼런스 변수 / class : jdbcTemplate 모듈명 전체   ** dataSource 객체 참조-->
	<beans:bean id="jdbcTemplate" class="org.springframework.jdbc.core.JdbcTemplate">
		<beans:property name="dataSource" ref="dataSource" />

	</beans:bean>
	
	
</beans:beans>
